{
  "appid": "wx7d6d505762a0a4ce",
  "cloudbaseRoot": "clound/",
  "compileType": "miniprogram",
  "libVersion": "3.2.1",
  "packOptions": {
    "ignore": [],
    "include": []
  },
  "setting": {
    "coverView": true,
    "es6": true,
    "postcss": true,
    "minified": true,
    "enhance": true,
    "showShadowRootInWxmlPanel": true,
    "packNpmRelationList": [],
    "babelSetting": {
      "ignore": [],
      "disablePlugins": [],
      "outputPath": ""
    }
  },
  "condition": {},
  "editorSetting": {
    "tabIndent": "auto",
    "tabSize": 2
  },
  "cloudfunctionTemplateRoot": "cloudfunctionTemplate/"
}